ConditionTested.TestID;Expr1001;OrderRemarks;Lpp;;Tmean/Lpp;B/Tmean;LCG/Lpp;Fn;Pdiam/Tmean;RudArea/(Lpp*Tmean);Trim=(Taft-Tfore)/Lpp;;Beam;DraughtAP;DraughtFP;LCG;ApproachSpeed;PropellerDiameter;RudderAreaTot;BlockCoefficient;yv;yvabsv;yvlin;nv;nvabsv;;nvlin;yr;yrrr;nr;nrrr;xvv;xrr;xvr;yvrr;yrvv;yrabsv;yvabsr;nvrr;nrvv;nrabsv;nvabsr;xudot;yvdot;yrdot;nvdot;nrdot;xudot;yvdot;yrdot;nvdot;nrdot;xv;yvv;nvv;y0;n0;Expr1;nvu;yvu;yru;nru;hydrocoefficientsremarks;stabilitycriterion;slopeRDcurve0dim;slopeRDcurve1s;yd;nd;Expr1054;OrderNumber;PropellerRevolutions;HydroDynamicCoefficients.TestID;NumberOfPropellers;NumberOfRudders
2;7121;<>;304.8;;0.060367454;2.563586957;0.024081365;0.122241483;0.483695652;0.016939119;0;;47.17;18.4;18.4;7.34;13;8.9;95;0.831618264;-1530;-2830;-1530;-800;470;-0.5875;-800;478;148;-309;-117;384;21;920;820;252;0;9998;0;-1152;0;9998;-110;-1520;-70;-33;-90;-11774.40341;-162700.8471;-7492.802168;-3532.321022;-9633.602787;35.6;9998;9998;-2;-2.9;1;0;0;0;0;<>;-3.307;1.558;0.0342;338;-160;2;7121;65;2;1;1
3;7153;<>;236;;0.061440678;2.668965517;0.030508475;0.166171725;0.455172414;0.022501461;0;;38.7;14.5;14.5;7.2;15.55;6.6;77;0.839596954;-1842.2;-3445.5;-1835;-813.7;325;-0.399410102;-830;472;145.5;-344.6;-89.2;347.6;61.5;1360;-1620;0;740;9998;250;0;-550;9998;-104;-1692;-80;-34.5;-85.8;-10322.34518;-167936.6159;-7940.265526;-3424.239508;-8515.934777;-20.4;9998;9998;-16.6;2.9;1;0;0;0;0;<>;-2.854;2.764;0.0937;476;-214.6;3;7153;118;3;1;1
4;7173;<NO. 50, LOADED>;353.3;;0.063487121;2.514489523;0.02745542;0.137996479;0.432456531;0.016354305;0;;56.4;22.43;22.43;9.7;15.8;9.7;129.6;0.829173086;-1604;-4835;-1910;-917;356.3;-0.388549618;-893;567;0;-340;0;153.3;36.5;792;-2620;0;-140;9998;120;0;-840;9998;-100;-1648;-80;-55.2;-92;-9866.858437;-162605.827;-7893.48675;-5446.505857;-9077.509762;-19.4;9998;9998;-10.1;0.4;1;0;0;0;0;<>;-2.57;2.327;0.0535;332.8;-157.6;4;7173;76;4;1;1
12;7191;<LOADED>;321.6;;0.067381841;2.519612367;0.029228856;0.146468657;0.387540378;0.016931953;0;;54.6;21.67;21.67;9.4;16;8.398;118;0.820474909;-1687;-5075;-1990;-940.3;257.2;-0.273529725;-999;526.2;174.9;-353;-167.4;124;9.7;1190.5;-950;572;0;9998;106.7;-1514;0;9998;-113.4;-1810.1;-82.6;-58.2;-99.1;-9912.736928;-158227.9111;-7220.388627;-5087.489323;-8662.718074;62.2;9998;9998;0.2;1.1;1;0;0;0;0;<>;-5.38;1.056;0.027;297.6;-136.1;12;7191;104.5;12;1;1
14;7225;<LOADED>;325;;0.067938462;2.400362319;0.030153846;0.148432384;0.412137681;0.016666667;0;;53;22.08;22.08;9.8;16.3;9.1;119.6;0.830583076;-1817.8;-4216.2;-1880;-934.2;334.5;-0.358060373;-780;570.3;174.1;-374.6;-141.1;444.8;65;1148;-2460;550;0;9998;450;-1160;0;9998;-125;-1676;-90.5;-90.2;-94.3;-11282.40788;-151274.5249;-8168.463307;-8141.385528;-8511.448506;11.6;9998;9998;-6.5;2.1;1;0;0;0;0;<>;-1.821;3.088;0.0797;340.7;-157.8;14;7225;79.1;14;1;1
15;7271;<WITHOUT BULB>;373;;0.063029491;2.854104636;0.01844504;0.136002942;0.421097405;0.01699123;0;;67.1;23.51;23.51;6.88;16;9.9;149;0.808391579;-1461;-4993;-1940;-871;422;-0.484500574;-862;476;80.4;-286;-162.6;299;40.7;1197;-2140;1280;0;9998;390;-1400;0;9998;-110;-1666;-64.1;-45.1;-84.8;-9701.417604;-146932.3793;-5653.280622;-3977.581218;-7478.911026;-10;9998;9998;-9;2.8;1;0;0;0;0;<>;-5.495;9.708;0.0214;270;-155;15;7271;75.5;15;1;1
17;73065;<DARINA>;232.86;;0.055483982;2.617647059;0.018938418;0.143082636;0.518575851;0.016486341;0;;33.82;12.92;12.92;4.41;13.3;6.7;49.6;0.799249515;-1274.2;-3098.3;-1360;-687.3;77;-0.112032591;-700;405.9;202;-266;-200;238;11.2;1194;-2080;0;410;9998;510;0;-638;9998;-78;-1216.3;-51;-52.5;-91.2;-9679.396314;-150936.5351;-6328.836052;-6514.978288;-11317.448;9.9;0;0;4.2;-3.8;1;0;0;0;0;<>;-2.579;1.697;0.0499;302.1;-157.4;17;73065;95.1;17;1;1
25;74004;<CASE 3, L/B=4.5>;398;;0.072864322;3.048275862;0.032663317;0.12672489;0.393103448;0.024016635;0;;88.4;29;29;13;15.4;11.4;277.2;0.800844604;-1953.6;-5573;-2200;-962.1;197.5;-0.205280116;-1150;550;300;-430;-170;654;65.6;1819;-1753;0;532;0;213;0;-490;0;-156;-2075;-102;-97.5;-113.3;-9639.188641;-128213.5669;-6302.546419;-6024.492901;-7000.769699;7.2;0;0;-7.9;3.6;1;0;0;0;0;<>;-1.216;8.4;0.0167;482.8;-212;25;74004;65.5;25;1;1
26;74004;<CASE 4, L/B=4.5>;398;;0.072864322;3.048275862;0.032663317;0.129193557;0.368965517;0.029457633;0;;88.4;29;29;13;15.7;10.7;340;0.802240254;-2094;-5289;-2480;-1080;510;-0.472222222;-1071;590;320;-430;-196.5;796;158;1677;-896;0;424;0;395;0;-502;0;-156;-2132;-72.9;-62;-121;-9639.188641;-131735.5781;-4504.467;-3830.959588;-7476.550164;-9.6;-129.4;27.6;-7.4;0.9;1;0;0;0;0;<>;-8.724;1.227;0.0249;448;-238;26;74004;69.3;26;1;1
30;74004;<CASE 1, L/B=4.5>;398;;0.072864322;3.048275862;0.032663317;0.12672489;0.393103448;0.021105528;0;;88.4;29;29;13;15.4;11.4;243.6;0.800844604;-1924.4;-5770;-2390;-1145;585.7;-0.511528384;-1154;550;300;-430;-170;654;74.4;1724;-918;0;520;0;213;0;-458;0;-156;-2075;-100.9;-97.5;-114.2;-9639.188641;-128213.5669;-6234.577781;-6024.492901;-7056.380403;7.2;0;0;-9;8.9;1;0;0;0;0;<>;-1.127;7.922;0.0158;395.8;-182.3;30;74004;65.5;30;1;1
32;74006;<LOADED>;387.9;;0.065867492;2.626223092;0.024284609;0.135032361;0.387475538;0.017072207;0;;67.1;25.55;25.55;9.42;16.2;9.9;169.2;0.819678935;-1750.4;-5211.6;-2194;-866.1;117.5;-0.135665628;-726;575;40;-355;-155;285.8;6.5;1277;-1446;0;-92;0;155;0;-433;0;-112.1;-1728;-77.4;-56;-99.9;-9838.564727;-151659.5883;-6793.085726;-4914.894065;-8767.819949;-14.2;-433.5;-128.5;-1.4;0.7;1;0;0;0;0;<>;-6.026;9.721;0.2088;321.5;-160.6;32;74006;80;32;1;1
36;74019;<>;332;;0.068222892;2.931567329;0.025572289;0.144156317;0.428256071;0.018826299;0;;66.4;22.65;22.65;8.49;16;9.7;141.57;0.828233143;-1717;-5569.8;-2120;-958.6;345.1;-0.360004173;-960;582.9;165.3;-432.7;-81.9;636;13.6;1520;-1667;0;279;0;424;-1480;0;0;-135.6;-1938;-88.2;-35.7;-100.3;-9938.013245;-142034.4371;-6464.10596;-2616.423841;-7350.905077;-11;198.1;10.4;5;-2;1;0;0;0;0;<>;5.703;1.449;0.0399;398.8;-209.3;36;74019;80;36;1;1
37;75005;<>;228.6;;0.053805774;2.617886179;0.037182852;0.176440382;0.545203252;0.01453172;0;;32.2;12.3;12.3;8.5;16.25;6.706;40.86;0.811095149;-1455;-2893;-1740;-521;-9;0.017274472;-450;379.9;281.3;-312.2;3.1;132.2;13.6;1055;-1375;0;646;0;563;0;-293;0;-74;-1096;-59.9;-63.8;-65.8;-9763.896985;-144611.231;-7903.478776;-8418.062536;-8681.951644;-4.7;94;-93;7.3;-2.9;1;0;0;0;0;<>;2.328;-1.445;-0.0528;248.9;-127.7;37;75005;99.1;37;1;1
38;75019;<>;365;;0.062328767;2.989010989;0.026164384;0.135766741;0.426373626;0.018124341;0;;68;22.75;22.75;9.55;15.8;9.7;150.5;0.835384438;-1693;-4781;-1780;-760;72.5;-0.095394737;-840;500;172;-355.8;-109.8;522;17.7;1271;-1363;0;271;0;191;0;-498;0;-117;-1648;-76.5;-43.1;-82.6;-10075.84034;-141922.9476;-6588.049451;-3711.698449;-7113.371041;4.1;894;-34.5;3;-1.5;1;0;0;0;0;<>;-4.86;1.202;0.0268;335.6;-169.8;38;75019;76;38;1;1
43;75148;<61.2 - LOADED>;233.9;;0.055964087;2.453781513;0.022873023;0.177113461;0.427807487;0.015905931;0;;32.12;13.09;13.09;5.35;16.5;5.6;48.7;0.809987919;-1107;-4062;-1460;-679;245.2;-0.361119293;-663;437.7;122.4;-296;-104.4;186.4;29.8;979;-2073;0;390;0;96;0;-672;0;-74.7;-1321.9;-47.3;-30.7;-75.8;-9719.990988;-172006.1056;-6154.693089;-3994.695092;-9863.123386;26;155.4;1.1;4;-0.5;1;0;0;0;0;<>;-6.15;7.068;0;325.2;-150.1;43;75148;122;43;1;1
44;75200;<SHALLOW DRAUGHT TANKER - 30>;271.18;;0.041632864;4;0.024559333;0.15950485;0.620017715;0.023735783;0;;45.16;11.29;11.29;6.66;16;7;72.67;0.822397289;-587.1;-3130.5;-726.5;-374;266;-0.711229947;-376;306;79.8;-169.6;-79.2;214.8;-4.4;604;164;0;287;0;-396;0;-317;0;-68.4;-784.5;-14.9;-12.5;-48.6;-9865.600824;-113151.5182;-2149.08556;-1802.924127;-7009.769007;-35.6;75.8;-55;-3.5;0.5;1;0;0;0;0;<>;-1.704;1.188;0.036;267.2;-140.1;44;75200;110;44;1;1
45;75200;<SHALLOW DRAUGHT TANKER - 20>;240;;0.05;4;0.024916667;0.169549729;0.583333333;0.025232639;0;;48;12;12;5.98;16;7;72.67;0.818677662;-887.8;-3561.7;-1123.7;-531;536;-1.009416196;-598;226.5;253.6;-219.3;-97.7;334.8;10.1;669;-980;-839;1082;0;14;0;-477;0;-98.2;-1080;-22.1;-26.3;-64.5;-9820;-108000;-2210;-2630;-6450;-48.4;50.4;-38;3.5;-1.1;1;0;0;0;0;<>;-5.525;7.481;0.0257;356.7;-177.7;45;75200;110;45;1;1
46;75200;<SHALLOW DRAUGHT TANKER - 10>;223.99;;0.055448904;4;0.025938658;0.17550456;0.563607085;0.02612191;0;;49.68;12.42;12.42;5.81;16;7;72.67;0.819144746;-1279.5;-3604.2;-1371;-714;600;-0.840336134;-621.8;396.4;92.9;-250.8;-106.4;427.4;10;892;-426;808;0;0;-187;0;-420;0;-120.9;-1358.6;-36.3;-33.6;-73;-9830.607968;-110470.339;-2951.621747;-2732.079634;-5935.768252;-70.2;120;-70;7;-3.5;1;0;0;0;0;<>;-5.909;9.586;0.0352;451.9;-208.2;46;75200;110;46;1;1
50;77017;<GASTANKER>;259.98;;0.043387953;3.72251773;-0.002423263;0.183267423;0.664893617;0.023392416;0;;41.99;11.28;11.28;-0.63;18;7.5;68.6;0.748171987;-890;-1815;-1291;-424;338;-0.797169811;-372;314;87.3;-217;6.9;-330;-4.9;635;-825;-744;648;-58;-182;-980;-120;152;-62.9;-885;-21.8;-2.3;-52.3;-8975.849251;-126289.7709;-3110.866672;-328.2107039;-7463.226006;-2.1;118;-10.5;2.8;-1.1;1;0;0;0;0;<>;3.611;-7.48;-2.664;261;-134;50;77017;99.5;50;1;1
54;78059;<15000 DWT CARGO LINER, LOADED,sign og lcg changed see working map>;147;;0.065306122;2.375;-0.004081633;0.243723034;0.59375;0.021889172;0;;22.8;9.6;9.6;-0.6;18;5.7;30.89;0.656713709;-1508;-5571;-2033;-913;-311;0.340635268;-890;370;0;-373;-273;0;-140;936;0;0;267;-2528;0;0;-1089;106;-79.8;-1527;-74.8;-60.8;-83.8;-7878.28125;-150753.5773;-7384.654605;-6002.5;-8273.182566;0;-102;64.9;10.5;-3.3;1;0;0;0;0;<>;-9.313;7.313;0.4606;360;-176;54;78059;134.5;54;1;1
58;78181;<NEWTON. T=11.5M, RUDDER R4>;202;;0.056930693;2.8;-0.003514851;0.277216001;0.633478261;0.02427895;0;;32.2;11.5;11.5;-0.71;24;7.285;56.4;0.534287158;-1290;-7000;-1630;-560;-900;1.607142857;-650;259;-325;-367;-296;97.1;-55;383;-4107;0;-870;0;-42;0;-1249;0;-58.2;-1271;-90.9;42.9;-48.7;-6413.15906;-140053.697;-10016.42884;4727.225493;-5366.337564;-18.4;100;-100;0;0;1;0;0;0;0;<>;1.307;-3.667;-0.2241;321;-166;58;78181;99.9;58;1;1
62;78181;<LONG-NEWTON, T=10.15, NORMAL RUDDER>;230.66;;0.044004162;3.172413793;0.0005636;0.26698911;0.78817734;0.025585181;0;;32.2;10.15;10.15;0.13;24.7;8;59.9;0.56076273;-673;-5071;-800;-413;-403;0.975786925;-450;173;-678;-206;-357;40;75;410;0;0;-757;-1579;0;0;-997;-71;-41.3;-798;-49.9;30.8;-37.5;-6723.148641;-129904.9059;-8123.126324;5013.873563;-6104.553851;-20;38;-84;-3.4;1.6;1;0;0;0;0;<>;-6.706;3.252;0.1792;250;-132;62;78181;97;62;1;1
63;78181;<PROJECT NEWTON LOADED>;202;;0.056930693;2.8;-0.003514851;0.277216001;0.695652174;0.021093414;0;;32.2;11.5;11.5;-0.71;24;8;49;0.534287158;-1032;-7843;-1396;-598;-753;1.259197324;-673;237.4;-500;-335.8;-428.7;118.3;-71.6;430;0;0;-865;-1881;-185;0;-1344;0;-58.2;-1234;-72.9;74.5;-46.6;-6413.15906;-135976.6028;-8032.977586;8209.284364;-5134.934918;-15.8;-55.5;-104;-5.9;2.6;1;0;0;0;0;<>;-2.883;1.19;0.7271;253.2;-123.6;63;78181;86.8;63;1;1
67;79191;<NO. 89-92>;142;;0.065492958;2.688172043;0.003591549;0.242466215;0.637634409;0.020899591;0;;25;9.3;9.3;0.51;17.6;5.93;27.6;0.724064819;-1800;-3900;-2600;-830;65;-0.078313253;-860;634;0;-390;-207;500;-72.1;602;-1492;-5525;1875;-575;-975;-502;-710;765;-100.2;-1674;-65;-42.2;-103;-8690.033548;-145180.8;-5637.247312;-3659.874409;-8932.868817;0;0;-65;1;-4.6;1;0;0;0;0;<>;1.39;-6.272;-0.3999;400;-203;67;79191;120.2;67;1;1
68;80013;<PRODUCT CARRIER, T=9.32M>;120;;0.077666667;2.145922747;0.002416667;0.194820865;0.407725322;0.01542382;0;;20;9.32;9.32;0.29;13;3.8;17.25;0.79421495;-1979;-4908;-2600;-1200;200;-0.166666667;-1200;675;-100;-430;-180;200;-72;1463;0;0;195;-1600;0;0;-822;400;-123;-2176;-128;-83.3;-106;-9502.145923;-168103.0043;-9888.412017;-6435.193133;-8188.841202;0;0;0;0;0;1;0;0;0;0;<>;-5.263;2.183;0.1216;472;-224;68;80013;156;68;1;1
71;80215;<D=15.5M: LCG CHANGED FROM -0.08m to 6.67m da det er dette tal der står på hydrostatiksiden før mcsim siden, vi tror altså at mcsim siden er forkert>;258;;0.060077519;2.709677419;0.025852713;0.147175451;0.499612903;0.019304826;0;;42;15.5;15.5;6.67;14.4;7.744;77.2;0.829784827;-1150;-4700;-1475;-600;-120;0.2;-800;558;36;-357;-59;700;80.5;686;0;0;284;-718;0;0;-426;94;-97.4;-1512;-120;-64.6;-79.2;-9959.037788;-154600.2581;-12269.86175;-6605.275576;-8098.108756;15;250;-20;2;-6;1;0;0;0;0;<>;-3.263;1.705;0.049;371;-176;71;80215;91.5;71;1;1
74;81026;<D=12.17M, KULBAAD>;226.5;;0.053730684;3.278553821;0.031214128;0.179547129;0.632703369;0.023435474;0;;39.9;12.17;12.17;7.07;16.46;7.7;64.6;0.800048738;-1090;-3155;-1315;-612;155;-0.253267974;-657;319;105;-280;-45;100;4.3;343;0;0;265;-811;0;0;-490;11;-91;-1258;-75;-55.3;-74;-9614.226095;-132908.752;-7923.812716;-5842.491242;-7818.16188;0;159;-34;-5.9;7.1;1;0;0;0;0;<>;-3.551;1.22;0.0456;335;-162;74;81026;90;74;1;1
76;81102;<Sign of LCB changed, see pmm report>;219;;0.058447489;2.515625;0.024109589;0.144212874;0.48046875;0.019656107;0;;32.2;12.8;12.8;5.28;13;6.15;55.1;0.80981097;-1364;-3368;-1750;-655;-57;0.087022901;-666;370;-30;-341;-118;-150;110;1040;0;0;55;-1050;0;0;-598;-144;-85.5;-1304;-151;-152;-81;-9949.207832;-151739.9651;-17571.11559;-17687.48059;-9425.565314;-10;169;30;5.9;0.3;1;0;0;0;0;<>;91.425;2.927;0.0894;277;-133;76;81102;95;76;1;1
82;83069;<>;215;;0.046511628;2.743;-0.001302326;0.20376749;0.63;0.014604651;0;;27.43;10;10;-0.28;18.2;6.3;31.4;0.780286395;-838;-2686;-1044;-412;-187;0.453883495;-460;235;72;-204;-54;-150;-76;662;-1595;0;0;0;-232;0;-578;0;-56;-762;-63;-86;-43;-9437.11265;-128412.14;-10616.75173;-14492.70871;-7246.354357;6;105;-41;3.4;0.1;1;0;0;0;0;<>;-1.069;1.732;0.0754;193;-92;82;83069;136;82;1;1
84;83081;<2129, LOADED>;173.5;;0.063112392;2.940639269;0.031527378;0.196047686;0.611872146;0.01933336;0;;32.2;10.95;10.95;5.47;15.73;6.7;36.73;0.782648091;-1500;-3800;-1750;-750;100;-0.133333333;-850;501;45;-378;-109;275;15.4;1369;0;0;626;-1293;0;0;-602;116;-110;-1725;-144.8;-90.4;-92.9;-9391.212173;-147271.2818;-12362.25021;-7717.868913;-7931.305553;-10;300;0;0;-2;1;0;0;0;0;<>;-3.698;1.929;0.0899;415;-206;84;83081;94;84;1;1
85;83098;<40000 DWT>;184;;0.049673913;3.326039387;0.02673913;0.169434506;0.656455142;0.019770954;0;;30.4;9.14;9.14;4.92;14;6;33.25;0.76660369;-1034;-2444;-1280;-503;48.6;-0.096620278;-480;289;30;-228;-61;128;-15;900;-461;-854;556;-584;-133;-850;-253;65;-75.5;-952;-75;-71.1;-61;-9199.470229;-115998.618;-9138.546585;-8663.342163;-7432.684556;-19;83;-5.1;-1;0.5;1;0;0;0;0;<>;-1.303;2.234;0.0874;268;-127;85;83098;96;85;1;1
89;84013;<NB. 110, LOADED>;186.4;;0.048980687;3.526834611;-0.004667382;0.244093279;0.766703176;0.024385486;0;;32.2;9.13;9.13;-0.87;20.3;7;41.5;0.679611061;-804;-3395;-1171;-578;7.83;-0.013546713;-623;144;52;-256;-76;-47;-57;588;0;0;376;-1599;0;0;-751;263;-69;-1123;-54;-5;-59;-8154.817712;-132722.6129;-6382.031253;-590.9288197;-6972.960073;-64;-196;53;-5.4;1.7;1;0;0;0;0;refitted after removal of yvu and nvu;-3.333;1.199;0.0672;339;-161;89;84013;100;89;1;1
91;84203;<NB. 113, HEAVY>;164;;0.068902439;2.044247788;0.009878049;0.184083666;0.501327434;0.016511979;0;;23.1;11.3;11.3;1.62;14.36;5.665;30.6;0.791120168;-1449;-5683;-1888;-982.1;368.7;-0.375420018;-1040;544;169;-365;-147;384.3;27.5;1116;0;-3403;1685;-850;0;-89;-868;39;-92.1;-1744.7;-81;-82.1;-92.9;-9489.796575;-179770.3375;-8346.075164;-8459.416925;-9572.226947;-6.7;148.8;-12.7;-8.8;3;1;0;0;0;0;<PRELIMINARY>;-3.214;2.261;0.1018;370.9;-179;91;84203;113;91;1;1
92;84203;<NB. 113, LOADED>;164;;0.055670732;2.530120482;0.018658537;0.194210831;0.620481928;0.020436513;0;;23.1;9.13;9.13;3.06;15.15;5.665;30.6;0.768038896;-1164.5;-3665.5;-1461;-636.4;246;-0.38654934;-659;395;299;-279;-137.2;-11.2;-57.3;870;0;-4093;1774;-1165;0;0;-679;163;-72.3;-1186;-44.9;-50;-76.4;-9220.261447;-151247.9955;-5725.999156;-6376.391042;-9743.125513;-6.4;-76.8;-42.2;-6.5;2.5;1;0;0;0;0;<>;-9.303;4.921;0.2339;329.6;-164.7;92;84203;113.6;92;1;1
177;86185;<equal to org. PMM report. PROBO CARRIER<LOADED>;175;;0.074285714;2.457692308;0.0104;0.186146542;0.569230769;0.020615385;0;;31.95;13;13;1.82;15;7.4;46.9;0.833775301;-1996;-5748;-2549.6;-1362;600;-0.440528634;-1178.1;396.9;316.4;-389.9;-102.7;367.5;15.2;1410;-1289;-3509;2204;469;-383;-757;-215;791;-135.7;-1983.8;-94.9;-140.1;-110.5;-10005.56759;-146271.518;-6997.261346;-10329.99278;-8147.496088;58.6;-184.8;24.5;12.1;4;1;0;0;0;0;refitted after removal of yvu and nvu;9998;9998;9998;410.7;-220.8;177;86185;83;177;1;1
184;88140;<56000 CUBIC METRE GAS CARRIER<LOADED>;193.6;;0.067045455;2.480739599;0.009245868;0.188777419;0.506779661;0.019300195;0;;32.2;12.98;12.98;1.79;16;6.578;48.5;0.788407459;-1667;-3956.8;-2001.8;-957.4;232.8;-0.243158554;-876.4;577.7;-36.5;-445.7;-69.1;-87;-3.9;1191.6;0;0;83.9;-1534.9;0;0;-824;-199.7;-105.5;-1717.9;-141.3;-80.2;-83.9;-9460.903253;-154055.7886;-12671.33298;-7192.080008;-7523.884198;47.8;-18.2;-34;-0.6;-0.7;1;0;0;0;0;9998;9998;9998;9998;395.8;-191;184;88140;101;184;1;1
187;90146;<LINDOE NO. 141, LOADED>;327;;0.060550459;2.848484848;0.031559633;0.140715053;0.47979798;0.018765638;0;;56.4;19.8;19.8;10.32;15.5;9.5;121.5;0.828140647;-1364.7;-5256.5;-1854;-727.9;45.8;-0.062920731;-851.2;434.5;238.3;-341.7;-177.6;122.6;40;960;0;0;52.8;-1136;0;0;-607.5;-53;-103.8;-1449.9;-37;-59.5;-78.2;-9939.134429;-138831.898;-3542.851386;-5697.28804;-7487.864281;0;0;0;-4.6;-2.7;1;0;0;0;0;9998;9998;9998;9998;299.8;-145.7;187;90146;79.8;187;1;1
190;87034;lcg changed from -3.46 to -4.79, and displacement viloume changed from 72116 to 69931,see pmm report;280;;0.043571429;2.640983607;-0.01713;0.255080389;0.68442623;0.0154274;0;;32.22;12.2;12.2;-4.7964;26;8.35;52.7;0.635369467;-563.5;-5990.9;-948.4;-458.6;-424.1;0.924771042;-571;90.5;-218.2;-222.7;-233.8;-40.5;-54.4;361;897;-1341;-300;-2120;-461;-2205;-604;-22;-38.5;-846.3;-30.7;55.4;-36.3;-7678.765862;-168793.235;-6123.067843;11049.4449;-7239.979241;3.7;106.2;-99;0.7;-0.8;1;0;0;0;0;9998;9998;9998;9998;208;-107.8;190;87034;92;190;1;1
194;92087;9998;150.6;;0.063081009;2.526315789;-0.016135458;0.24079239;0.621052632;0.018005172;0;;24;9.5;9.5;-2.43;18;5.9;25.76;0.645750332;-1533.3;-5361.7;-1812.4;-923.5;-100;0.108283703;-944.8;254.3;-248;-375.9;-212.6;-96.8;19.5;1030.1;0;0;-507.1;-1748.8;0;0;-1131.9;-192.1;-77.9;-1397.8;-66.8;31;-64.4;-7749.123;-139046.5228;-6644.947579;3083.733158;-6406.206947;-6.5;190.4;-18.3;-2.1;-1.1;1;0;0;9998;9998;refitted after removal of yvu and nvu;9998;9998;9998;336.6;-167.4;194;92087;109;194;1;1
196;92087;<Added 3.6 sqm Fin and enlarged rudder>;150.6;;0.063081009;2.526315789;-0.016135458;0.24079239;0.621052632;0.020619277;0;;24;9.5;9.5;-2.43;18;5.9;29.5;0.645750332;-1608;-5479;-1812.4;-850;211;-0.248235294;-944.8;289.5;-248;-395.7;-212.6;-597.8;-144.4;1030.1;0;0;-507.1;-1748.8;0;0;-1131.9;-192.1;-77.9;-1397.8;-66.8;31;-64.4;-7749.123;-139046.5228;-6644.947579;3083.733158;-6406.206947;-108.8;141.2;-222.4;-2.1;-1.1;1;0;0;9998;9998;Her er noget galt med koefficienterne pmm rap.;9998;9998;9998;405.6;-217.1;196;92087;109;196;1;1
198;92944;<lindø 135, files made by ole vvith ordernumber 89104  should be excluded.>;152;;0.067763158;2.699029126;-0.026315789;0.227696867;0.553398058;0.016434594;0;;27.8;10.3;10.3;-4;17.1;5.7;25.73;0.654540241;-1873;-4870;-2268;-880.5;-269.5;0.306076093;-926;298.9;-128.9;-375.8;-197.3;-178.2;-9.5;728.9;0;0;-590;-1380.5;0;0;-1146;-199.9;-97.6;-1548.9;-80.7;-26.6;-56.3;-7875.079975;-124976.551;-6511.464692;-2146.282042;-4542.694699;-1.6;195.5;-61.4;-3.7;-0.8;1;0;0;9998;9998;refitted after removal of yvu and nvu;9998;9998;9998;313.4;-168.3;198;92944;117;198;1;1
200;96131;<PAN-United crude oil tanker>;152;;0.046052632;3.857142857;0.019539474;0.186418487;0.614285714;0.025;0;;27;7;7;2.97;14;4.3;26.6;0.81547619;-958;-2086;-958.1;-556;524;-0.942446043;-556.1;194.2;17.4;-244.7;120;1020;6.5;880.1;0;0;164.8;-525.9;0;0;-269.5;-4.6;-80;-939.2;-45.5;-21.6;-51.6;-9779.470899;-114810.9884;-5562.074074;-2640.457143;-6307.75873;0;0;0;3;-4.1;1;0;0;9998;9998;refitted after removal of Yrabsr Nrabsr yvu nvu;9998;9998;9998;313.9;-151.4;200;96131;154;200;1;1
201;97291;<Halla tanker>;205;;0.062439024;2.890625;0.032195122;0.177720491;0.53125;0.022217988;0;;37;12.8;12.8;6.6;15.5;6.8;58.3;0.804507251;-1475.7;-6042;-2140.7;-881.1;473;-0.536828964;-777.7;353.2;706;-429.6;35.35;209.8;75.2;1967.5;-447.5;41.6;358.7;-435.1;181.8;-810.9;-261.7;-335.4;-108.8;-1532.3;-46.9;-16.5;-76.8;-9654.391892;-135968.977;-4161.681799;-1464.131123;-6814.864865;-35.2;52.5;-35.8;1.1;1.2;1;0;0;9998;9998;refitted after removal of yvu and nvu;9998;9998;9998;415.1;-203.4;201;97291;95;201;1;1
202;91179;<LPG/Ammonia carrier Hyundai No. 775>;152.2;;0.071616294;2.348623853;-0.004402102;0.233535298;0.550458716;0.020398076;0;;25.6;10.9;10.9;-0.67;17.55;6;33.84;0.762964103;-2080.5;-3658;-2421.2;-1088.6;503;-0.462061363;-1082.8;435.4;109.2;-440.9;-128.1;-250.2;10.5;1084.5;0;0;-194.1;-1421;0;0;-924.7;-238.7;-110.3;-1882.9;-89.2;-65.9;-88;-9156.686683;-156311.2;-7405.044897;-5470.767474;-7305.425459;30.6;168.7;-31.1;3.3;-0.8;1;0;0;9998;9998;refitted after removal of yvu and nvuJBP by hand;9998;9998;9998;346.4;-187.8;202;91179;113;202;1;1
203;87131;<Projekt skib, produkt tanker, lastet, projekt A>;115;;0.065217391;2.533333333;-0.00842;0.229628123;0.693333333;0.030144928;0;;19;7.5;7.5;-0.9683;15;5.2;26;0.669900839;-1782.2;-6766.3;-2372.2;-1009.7;-251.9;0.249480044;-981;385.5;-239.1;-447;-296.6;-290.6;-18.7;1027.4;-1308.5;4617.9;-2169;0;-251.8;2472.1;-2255.9;9998;-87;-1558.6;-30.2;43.8;-78.8;-8074.210526;-144649.0175;-2802.77193;4064.947368;-7313.192982;-70.8;-182.7;-106;12;-4.7;1;0;0;0;0;JBP by hand;-6.808E-07;150.7;10.1118;473.9;-236.5;203;87131;101.4;203;1;1
204;7173;I familie med testid 4 bare forkortet, pmm rapport for testid 4 mangler. Dene her er I napa (p5117);337.4;;0.066034381;2.531418312;0.030883225;0.141210596;0.435368043;0.017226994;0;;56.4;22.28;22.28;10.42;15.8;9.7;129.5;0.8206609;-1742;-4993;-2265;-1014.4;571.9;-0.563781546;-928;543.8;54.5;-380.9;-130;203;22.5;1102;-2290;0;94;0;150;0;-660;9998;-110;-1791;-82;-63.1;-101.1;-9965.258095;-162252.5204;-7428.646943;-5716.434416;-9158.978122;-22.4;0;0;-10.2;-0.1;1;0;0;0;0;bla by hand;-1.872;3.97;0.0956;374.6;-174.6;204;7173;76;204;1;1
209;94020;GDANSKA;195;;0.061538462;2.566666667;0.034871795;0.154005676;0.558333333;0.02357265;0;;30.8;12;12;6.8;13.1;6.7;55.16;0.821345321;-1701;-3495;-1701.3;-829;336;-0.4053076;-829;444.6;166.4;-313.1;-61;83.2;18.6;1185;0;0;322.9;-928.8;0;0;-518.9;-90.7;-95.8;-1457.9;-78.7;-75.1;-53.2;-9856.047078;-149990.9294;-8096.773539;-7726.400162;-5473.295455;35;0;0;0;0;1;0;0;0;0;BLA BY HAND;-3.27E-15;2.1;0.07256;423.6;-198.7;209;94020;86;209;1;1
217;2000116;<Hyundai 164400 tanker, kun de refittede coefs er indtastet>;266;;0.057894737;3.441558442;0.033759398;0.138906;0.525974026;0.028683722;0;;53;15.4;15.4;8.98;13.8;8.1;117.5;0.830701785;-1601.8;-4000;-1601.8;-484.9;-150;0.309342132;-484.9;418.8;336;-337.9;-103;22.2;-59.1;1140.9;-319.4;-161;484.7;-1133.9;93.4;-440.1;-258.8;60;-301.2;-1220.1;-48.6;-59.1;-61.9;-26110.88851;-105769.9039;-4213.111492;-5123.35163;-5366.082333;-227.1;-138.8;-131.5;20;-1.1;1;0;0;0;0;BLA BY HAND refittet;9998;9998;9998;502;-220.3;217;2000116;80.3;217;1;1
218;2000116;<Hyundai 164400 tanker, kun de refittede coefs er indtastet, smaller rudder>;266;;0.057894737;3.441558442;0.033759398;0.138906;0.525974026;0.024167562;0;;53;15.4;15.4;8.98;13.8;8.1;99;0.830701785;-1685.6;-3500;-1685.6;-569.6;21;-0.036867978;-569.9;383.5;313;-323.4;-97;124.4;-47.3;1151.2;-422;335.2;272.5;-1154.8;105.1;-570;-212.1;-11.1;-304.1;-1203.1;-56;-66.1;-61.9;-26362.28816;-104296.1818;-4854.614065;-5730.178388;-5366.082333;-91.6;278.7;-107.7;7.6;-3.4;1;0;0;0;0;BLA BY HAND refittet;9998;9998;9998;455.2;-194.9;218;2000116;80.3;218;1;1
220;91080;<Tobias Maersk report no 6>;155.52;;0.061021091;2.971548999;-0.027199074;0.218523276;0.62170706;0.022105384;0;;28.2;9.49;9.49;-4.23;16.6;5.9;32.625;0.633229957;-1227.6;-4983.7;-1638.7;-642.8;-188.9;0.293870566;-833.6;301.7;-100.3;-342.9;-184.1;-599;25.1;908.3;0;0;-536.1;-2032.4;0;0;-984;-242.8;-90;-1404.4;-48.4;11.8;-56.1;-8133.916015;-126925.2406;-4374.239279;1066.446766;-5070.140982;185.3;306.5;-40.6;0;6.4;1;0;0;0;0;BLA BY HAND refittet;9998;9998;9998;782.2;-397.9;220;91080;115;220;1;1
5;7173;<>;353.3;;0.029153694;5.475728155;0.025474101;0.157211179;0.941747573;0.024732137;0.007359185;;56.4;11.6;9;9;18;9.7;90;0.778599447;-633.3;-1039.8;-655;-193.5;212.2;-1.096640827;-186;185.3;115.4;-117.9;-95.7;-167.3;-45.1;305;-760;0;450;9998;60;0;-340;9998;-44;-453;-1.5;15.3;-28.3;-9454.174688;-97335.02577;-322.3014098;3287.47438;-6080.753266;2;9998;9998;-0.2;-1.9;1.288888889;0;0;0;0;<>;-1.102;9.457;0.2479;203.4;-101.3;5;7173;74;5;1;1
11;7191;<BALLAST>;321.6;;0.042210821;4.018416206;0.025435323;0.146468657;0.618637201;0.026570646;0.00824005;;54.55;14.9;12.25;8.18;16;8.398;116;0.793197478;-929.3;-2133.5;-1130;-358.6;148.6;-0.414389292;-341;291.6;147.6;-188.1;-109.5;-168.3;-46;513.8;-384;786;0;9998;493;-772;0;9998;-68.8;-754.8;-16;-14.3;-49.1;-9609.171072;-105421.5454;-2234.690947;-1997.255034;-6857.707844;9.9;9998;9998;-0.4;1;1.216326531;0;0;0;0;<>;-4.267;5.103;0.1306;249.2;-117.5;11;7191;92.5;11;1;1
13;7225;<BALLAST>;325;;0.035584615;4.58279291;0.025538462;0.167555574;0.786856896;0.028840334;0.009446154;;53;13.1;10.03;8.3;18.4;9.1;108.4;0.791738749;-893;-1452.1;-1020;-193.4;130.7;-0.675801448;-185;274;191.1;-172.5;-92.4;-4.1;-40;387;-750;970;0;9998;180;-900;0;9998;-62;-565.7;-4;-6.6;-38.1;-10684.07443;-97483.56296;-689.2951244;-1137.336955;-6565.53606;-11.3;9998;9998;-2;0.6;1.306081755;0;0;0;0;<    >;8.058;-2.226;-0.0648;261.7;-128.4;13;7225;79.1;13;1;1
24;74004;<CASE 2, L/B=4.5>;398;;0.02968593;7.482014388;0.016331658;0.147297112;0.964875159;0.038959078;0.015;;88.4;14.8;8.83;6.5;17.9;11.4;183.2;0.734923529;-673.7;-1546;-757;-135.2;378.5;-2.799556213;-100;237.4;237.6;-158.9;-54.4;-73.5;-45.5;398;-685;-1104;671;0;300;-243;-160;0;-58;-453;18.6;31.7;-40.6;-8796.464346;-68703.4198;2820.935118;4807.722754;-6157.525042;7.5;-116.8;25.3;1.1;-1.3;1.67610419;0;0;0;0;<>;5.908;-2.926;-0.0677;370.1;-179.5;24;74004;65.5;24;1;1
31;74006;<BALLAST>;387.9;;0.02900232;5.964444444;0.024851766;0.150035957;0.88;0.03877288;0.00644496;;67.1;12.5;10;9.64;18;9.9;169.2;0.769599306;-564.3;-1107.7;-577.7;-178.6;183.5;-1.02743561;-171;205;91.7;-129.6;-67.3;285.8;-41.1;407;-627;0;198;0;149;0;-163;0;-46.3;-409.5;1.7;11.2;-30.5;-9228.805806;-81624.10319;338.8546408;2232.454104;-6079.450909;0.4;6.1;-20.4;1.8;-1;1.25;0;0;0;0;<>;-1.109;8.712;0.208;211.1;-104.7;31;74006;77.6;31;1;1
41;75148;<61.2 - BALLASTED>;233.9;;0.02960667;4.638267148;0.006669517;0.190531148;0.80866426;0.030066229;0.012184694;;32.12;8.35;5.5;1.56;17.75;5.6;48.7;0.761975445;-604;-1306;-662;-184;332;-1.804347826;-150;201;233;-132;-69.4;-141;-21.1;334;-1382;0;476;0;338;0;-309;0;-37.2;-467;18.5;31.2;-29.8;-9149.725587;-114863.4906;4550.266757;7673.963395;-7329.618884;18.2;100;-31.6;1.8;-0.6;1.518181818;0;0;0;0;<>;2.398;-4.838;-0.1889;240;-118;41;75148;122;41;1;1
64;79067;<GASTANKER T=7/8.5 M>;127;;0.061023622;2.64516129;-0.010944882;0.145673608;0.612903226;0.024140208;0.011811024;;20.5;8.5;7;-1.39;10;4.75;23.76;0.689444111;-1600;-3900;-2100;-470;-180;0.382978723;-500;500;130;-292;-262;-150;-67;922;-2003;-2570;1064;-334;-155;-763;-642;125;-81.5;-1129;-41.6;-37.7;-64.9;-8273.88513;-114616.1511;-4223.234618;-3827.306373;-6588.652085;0;100;-20;-5.3;2;1.214285714;0;0;0;0;<>;1.529;-3.77;-0.1527;384;-183;64;79067;79;64;1;1
66;79191;<NO.89-92 BALLAST>;142;;0.040492958;4.347826087;-0.010633803;0.258998003;1.031304348;0.033802817;0.011971831;;25;6.6;4.9;-1.51;18.8;5.93;27.6;0.69134109;-900;-2280;-1300;-177;-180;1.016949153;-200;413;17;-212;-126;100;-59.6;380;-1489;-1245;623;0;140;0;-521;0;-59.1;-732;14.7;31.7;-56.1;-8290.034087;-102678.5948;2061.988174;4446.600348;-7869.220174;-35;0;0;1.5;-0.1;1.346938776;0;0;0;0;<>;1.474;-1.754;-0.1194;305;-152;66;79191;120.7;66;1;1
70;80215;<COAL SHIP D=9.4M. LCG CHANGED FROM -0.15m to 5.56m da det er dette tal der står på hydrostatiksiden før mcsim siden, vi tror altså at mcsim siden er forkert>;258;;0.036434109;4.468085106;0.021550388;0.160462124;0.823829787;0.020616856;0.00620155;;42;10.2;8.6;5.56;15.7;7.744;50;0.799688587;-650;-1900;-890;-280;240;-0.857142857;-220;306;83.6;-189.7;-44.3;170;-119;301;0;-1204;758;-266;0;78;-279;-11;-56.9;-608.5;-29.2;-6.2;-40.7;-9593.443769;-102594.2097;-4923.173252;-1045.331307;-6862.094225;30;-50;-20;-1.2;-2.5;1.186046512;0;0;0;0;<>;2.695;-5.881;-0.1841;239;-119;70;80215;88.5;70;1;1
73;81026;<BALLAST D=5.6/8.64M>;226.5;;0.031434879;5.603932584;0.010375276;0.189800732;1.081460674;0.040057544;0.013421634;;39.9;8.64;5.6;2.35;17.4;7.7;64.6;0.759193293;-594;-1319;-806;-217;321;-1.479262673;-140;227;89;-145;-26;223;-80;337;0;0;395;9491;0;0;-241;73;-50.4;-497;-1;16;-34;-9101.522768;-89751.12729;-180.5857692;2889.372307;-6139.916153;-59;54;-27;0;-3.8;1.542857143;0;0;0;0;<>;3.49;-3.965;-0.1567;254;-126;73;81026;90;73;1;1
83;83081;<2129, BALLAST>;173.5;;0.037463977;4.953846154;0.009106628;0.205644426;1.030769231;0.032569275;0.017291066;;32.2;8;5;1.58;16.5;6.7;36.73;0.738346981;-1000;-1550;-1200;-230;350;-1.52173913;-135;369;131;-193;-79;170;-99;610;0;0;625;-779;0;0;-344;191;-61.6;-651;-3.4;12.3;-40.4;-8859.525084;-93629.07191;-488.9997611;1769.028548;-5810.46775;10;50;-50;4;-1.6;1.6;0;0;0;0;<>;1.54;-1.524;-0.0745;325;-159;83;83081;93.6;83;1;1
88;84013;<NB. 110 BALLAST>;186.4;;0.034871245;4.953846154;-0.027360515;0.258522438;1.076923077;0.034252228;0.017167382;;32.2;8.1;4.9;-5.1;21.5;7;41.5;0.64372556;-709;-2364;-828;-146;100;-0.684931507;-186;336;-87;-173;-63;224;-28;274;0;0;439;-873;0;0;-597;204;-46.5;-646;-5;39;-39;-7719.257716;-107239.5803;-830.0277114;6474.216149;-6474.216149;-113;24;16;-3.3;1.1;1.653061224;0;0;0;0;refitted after removal of yvu and nvu;4.392;-3.998;-0.2372;303;-144;88;84013;102;88;1;1
90;84203;<NB. 113, BALLAST>;164;;0.033841463;4.162162162;0.003170732;0.209722059;1.020720721;0.026807295;0.012804878;;23.1;6.6;4.5;0.52;16.36;5.665;24.4;0.72516292;-649.7;-1705.8;-888;-206.1;330.2;-1.602134886;-160;253;301;-148;-99;1.9;-98.5;444;0;0;683;-482;0;0;-436;-30;-41.5;-521;14.1;15.3;-35.9;-8706.243906;-109300.0741;2958.025038;3209.77185;-7531.425451;-17.2;194.9;-116.2;9.8;-3.1;1.466666667;0;0;0;0;<>;6.017;-2.524;-0.1295;242.6;-125.4;90;84203;113.7;90;1;1
191;87034;lcg changed from 0.0 to -11.86, and displacement changed from 40900 to 39807,see pmm report;280;;0.027678571;4.157419355;-0.042357143;0.260966859;1.077419355;0.024285714;0.013928571;;32.22;9.7;5.8;-11.86;26.6;8.35;52.7;0.569343254;-326.9;-3384.7;-568.1;-135.5;-13.4;0.098892989;-123;168.4;-263.2;-116;-155.6;138.2;-32.7;173;707;2614;-655;-1454;-281;-840;-511;98;-21.8;-359.6;2.7;47;-13.9;-6844.556577;-112903.7865;847.72031;14756.6128;-4364.189744;-22.6;129.1;-163.1;-0.2;-0.4;1.672413793;0;0;0;0;9998;9998;9998;9998;163.6;-79.7;191;87034;92;191;1;1
199;92944;<lindø 135, files made by ole vvith ordernumber 89104 should be excluded.>;152;;0.035197368;5.196261682;-0.046315789;0.246338715;1.065420561;0.026008362;0.016447368;;27.8;6.6;4.1;-7.04;18.5;5.7;21.15;0.553944449;-1049.1;-2000;-1329.6;-100;-100;1;23.8;346.1;-174.4;-179.2;-89.1;-34.6;-14.1;333.8;0;0;6.5;-329.8;0;0;-647.5;-12.2;-42.9;-385.8;14.8;-6.2;-22.6;-6664.167283;-59930.90298;2299.060042;-963.1197472;-3510.72682;9;155.6;-38.1;2.7;0.9;1.609756098;0;0;9998;9998;refitted after rem. of yvu,nvu, frit opf. U fract.;9998;9998;9998;221.3;-114.8;199;92944;108;199;1;1
1;7101;<>;139;;0.04028777;3.982142857;-0.032733813;0.299373805;0.696428571;0.032759507;0;;22.3;5.6;5.6;-4.55;21.5;3.9;25.5;0.575458915;-930.1;-4461.2;-1070;-349.1;-42.6;0.122028072;-350;221.7;-306.7;-237.2;-360.3;-25.7;-124.9;364;-870;0;-590;9998;250;0;-900;9998;-35;-678;-56.3;64.4;-32;-5415.078475;-104897.8059;-8710.540519;9963.744395;-4950.928892;0;9998;9998;0;0;1;0;0;0;0;<>;4.498;-4.103;-0.3265;208.5;-104.3;1;7101;175;1;2;2
22;73105;<CONTAINER SHIP, 2R,2P,TURBINE>;270;;0.037037037;3.22;-0.021666667;0.329696848;0.625;0.027518519;0;;32.2;10;10;-5.85;33;6.25;74.3;0.550954681;-500.5;-4084;-756;-194;-396.1;2.041752577;-282;254.6;-298.5;-210.7;-59.9;65.3;-36.2;165;-4820;-2250;0;9998;-689;-3900;0;9998;-29.2;-672.1;-32.1;48.1;-21;-6610.807453;-152161.7702;-7267.360248;10889.7205;-4754.347826;0;0;0;0;0;1;0;0;0;0;<>;8.586;-1.806;-0.1135;232.1;-118.5;22;73105;160;22;2;2
34;74007;<LOADED>;350;;0.068571429;3.290833333;0.011971429;0.136012998;0.38125;0.026190476;0;;78.98;24;24;4.19;15.5;9.15;220;0.812291237;-1449;-3629;-2240;-641;293;-0.457098284;-780;407.8;559.9;-340.3;-200;767;7.5;1552;-785;0;863;0;233;0;-516;0;-151;-1791;-34.8;-48.7;-98.5;-9758.535916;-115745.2836;-2248.987085;-3147.289398;-6365.667469;0;0;0;0;0;1;0;0;0;0;<>;-8.18;8.67;0.0198;382.5;-181.6;34;74007;80;34;2;2
72;81014;<FERRY, NORMAL RUDDER>;165;;0.038787879;3.90625;-0.05430303;0.191704375;0.8203125;0.031818182;0;;25;6.4;6.4;-8.96;15;5.25;33.6;0.565757576;-730;-5000;-900;-190;-450;2.368421053;-270;190;-55;-159;-247;0;-69.7;383;0;0;-421;-1310;0;0;-860;-49;-40;-557;0;54;-28;-6806.25;-94777.03125;0;9188.4375;-4764.375;-6.3;-100;-40;2.7;0.2;1;0;0;0;0;<>;-1.765;1.49;0.6967;357;-185;72;81014;115;72;2;2
75;81068;<FERRY, D=6.14, NORMAL RUDDER>;117.3;;0.052344416;3.501628664;-0.006223359;0.181892578;0.628664495;0.015828453;0;;21.5;6.14;6.14;-0.73;12;3.86;11.4;0.592259247;-850;-2700;-1040;-235;150;-0.638297872;-350;314;124;-157;-60;100;8;326;0;0;457;-265;0;0;-288;-75;-68;-708;-13;4;-32;-7087.582153;-73794.23771;-1354.978941;416.9165972;-3335.332778;10;-100;-30;-3;1;1;0;0;0;0;<>;-1.319;1.895;0.0997;331;-129;75;81068;113;75;2;2
79;82076;<CRUISER>;196.5;;0.039694656;3.743589744;-0.044173028;0.14053442;0.666666667;0.021530632;0;;29.2;7.8;7.8;-8.68;12;5.2;33;0.540567233;-700;-5000;-850;-160;-1280;8;-300;103;-250;-157;-207;212;-16;399;0;0;-1206;-1346;0;0;-739;-167;-38.3;-567;-13.4;24.8;-34;-6493.015345;-96123.75198;-2271.707719;4204.354584;-5764.03451;0;0;0;0;0;1;0;0;0;0;<>;-5.091;3.393;0.1066;250;-115;79;82076;67.2;79;2;2
81;82157;<CRUISE  LINER>;183;;0.040983607;3.733333333;-0.026775956;0.236641987;0.693333333;0.029872495;0;;28;7.5;7.5;-4.9;19.5;5.2;41;0.64163414;-606;-3718;-811;-178;-366;2.056179775;-331;228;-158;-182;-254;-335;-52;407;0;0;-458;-1419;0;0;-744;-256;-48;-640;-16;36;-35;-7654.628571;-102061.7143;-2551.542857;5740.971429;-5581.5;0;0;0;0;0;1;0;0;0;0;<>;-6.076;3.544;0.1942;283;-150;81;82157;134;81;2;2
86;83131;<AARHUS-KALUNDB.>;126;;0.043650794;4.363636364;-0.024206349;0.146250536;0.745454545;0.03001443;0;;24;5.5;5.5;-3.05;10;4.1;20.8;0.643819144;-1066;-3978;-1040;-267;-239;0.895131086;-267;168;-112;-300;-130;358;-24;545;926;895;-851;-1491;160;1145;-1023;-396;-66;-734;1;5;-51;-7938;-88280.18182;120.2727273;601.3636364;-6133.909091;0;0;0;0;0;1;0;0;0;0;<>;4.405;-5.672;-0.2316;336;-154;86;83131;165;86;2;2
93;84233;<TAO 187, #61, FAST TANKER, rudder area changed from 98.5 to 49 da begge rors areal inklusive horns er ca 100>;198.12;;0.052695336;2.846743295;0.00701595;0.209938013;0.75862069;0.02369012;0;;29.72;10.44;10.44;1.39;18;7.92;49;0.655777818;-1185.6;-3663.9;-1272.2;-272.2;-343.8;1.263041881;-51;529;5.9;-305;-148;237.6;-5.7;566;0;0;266;-1354;0;0;-808;-68;-66.3;-1297;-18.4;11.7;-71.6;-8387.274623;-164076.8505;-2327.690091;1480.107286;-9057.750573;0;0;0;0;0;1;0;0;0;0;<>;1.37;-4.267;-0.1994;539.4;-242;93;84233;52.3;93;2;2
97;85192;<2 RUD., 137M>;137;;0.041459854;4.049295775;-0.032919708;0.16830759;0.633802817;0.028451732;0;;23;5.68;5.68;-4.51;12;3.6;22.14;0.647067106;-693.3;-2542;-803.7;-184.8;-366.1;1.981060606;-280;285;-125;-187.1;-119.5;155.2;-32.4;579;0;0;-492;-979;0;0;-533;-149;-54;-711.5;-12.6;1.8;-47;-7758.159829;-102220.9392;-1810.237293;258.6053276;-6752.472443;0;0;0;0;0;1;0;0;0;0;<>;-4.815;5.373;0.2421;382.6;-186.9;97;85192;138;97;2;2
172;81146;<DR. INGRID, EVEN KEEL, NO CHECK WITH PMM REPORT>;136.53;;0.037354428;4.529411765;-0.025928367;0.140497531;0.82745098;0.032744366;0;;23.1;5.1;5.1;-3.54;10;4.22;22.8;0.637815081;-960;-2039;-960;-140;-500;3.571428571;-140;170;0;-200;-150;206;-82;365;0;0;-652;-888;0;0;-659;-62;-49;-380;27.4;14.8;-32.4;-7753.005722;-60125.3505;4335.35422;2341.724177;-5126.477253;0;0;0;0;0;1;0;0;0;0;9998;9998;9998;9998;426;-219;172;81146;145;172;2;2
186;90101;<TIRRENIA, TWIN SCREW FERRY>;118;;0.045762712;4.372222222;-0.037288136;0.151126886;0.666666667;0.035153798;0;;23.61;5.4;5.4;-4.4;10;3.6;22.4;0.554828369;-639.9;-3611;-934;-113.6;-318;2.799295775;-287;281;67;-210;-119;-271;-156;482;0;0;149;-1760;0;0;-634;120;-61;-697;41;48;-53;-6661.991937;-76121.44885;4477.732285;5242.223163;-5788.288076;0;0;0;0;0;1;0;0;0;0;refitted after removal of yvu and nvu;9998;9998;9998;351;-170;186;90101;156;186;2;2
189;96036;<TIRRENIA ISLAND FERRY<TWIN RUD.>;64.3;;0.054432348;4;-0.022083981;0.204728003;0.685714286;0.039102422;0;;14;3.5;3.5;-1.42;10;2.4;8.8;0.614784016;-1152.1;-3055.45;-1152.1;-554.4;700;-1.262626263;-554.4;297.4;281.7;-272.1;-175.8;-417.4;-128.3;885;0;0;253.1;-1992.4;0;0;-789.6;-93.6;-116.5;-1206.9;-44.4;3.9;-77.1;-9829.960918;-101835.02;-3746.354204;329.0716531;-6505.493449;0;0;0;0;0.8;1;0;0;0;0;refitted after removal of yvu and nvu;9998;9998;9998;648.6;-298.4;189;96036;206;189;2;2
211;98262;Fincantieri cond1 IV;138.8;;0.051873199;2.916666667;-0.012824207;0.292622219;0.625;0.02551633;0;;21;7.2;7.2;-1.78;21;4.5;25.5;0.623475215;-1346;-2650;-1588.9;-599;128.5;-0.214524207;-594.2;424.1;160;-333.4;-71;-435.2;-43;724;0;0;-268.4;-2118;0;0;-784.8;-130.4;-58.8;-1214;-49.6;27.2;-60.2;-7492.115556;-154684.1545;-6319.879788;3465.740529;-7670.499259;0;0;0;0;0;1;0;0;0;0;BLA BY HAND;9998;9998;9998;625.9;-302.2;211;98262;99;211;2;2
210;98262;Fincantieri cond1 II;138.8;;0.051873199;2.916666667;-0.012824207;0.209015871;0.625;0.02551633;0;;21;7.2;7.2;-1.78;15;4.5;25.5;0.623475215;-1364;-2623;-1459.8;-501;1.4;-0.002794411;-510.2;442;95;-306.1;-120.864;-702.4;-68.6;783.9;0;0;-469.2;-2022.7;0;0;-629.6;-238.2;-58.8;-1025.9;-39.7;27.5;-56.5;-7492.115556;-130717.0297;-5058.452169;3503.965608;-7199.056614;0;0;0;0;0;1;0;0;0;0;BLA BY HAND;9998;9998;9998;576.4;-265.2;210;98262;99;210;2;2
205;99158;moby lines fast roro vessel daewoo;162.1;;0.04318322;3.942857143;-0.046206046;0.348140857;0.771428571;0.034810963;0;;27.6;7;7;-7.49;27;5.4;39.5;0.582673324;-1196.4;-3671.7;-1196.4;-370;266;-0.718918919;-370;399;-78;-379.2;-110;259.2;36.2;264.5;723.5;-2035;-162.9;-2486.3;18.3;1147.8;-1173.6;-328.1;-51.4;-737.1;-3.2;57.9;-31.4;-6990.721915;-100250.2164;-435.2200414;7874.762624;-4270.596656;0;0;0;0;0;1;0;0;0;0;refittet by bla;0;0;0;462.9;-235.2;205;99158;135;205;2;2
206;99168;ROPAX1600 KEH becker rudder;176;;0.036363636;3.90625;-0.031136364;0.321736069;0.8125;0.026633523;0;;25;6.4;6.4;-5.48;26;5.2;30;0.598721591;-479.4;-4990;-958.5;-271.8;-462;1.699779249;-343.3;264.3;-325;-297;-141;-274.8;3.2;519.5;-269;506.9;-728.6;-1064.5;37.6;1323;-1128.1;-223.9;-37.1;-649.5;-10.1;58.2;-49.4;-7182.56;-125743.2;-1955.36;11267.52;-9563.84;0;0;0;0;0;1;0;0;0;0;refittet by bla;0;0;0;363.7;-185.2;206;99168;167;206;2;2
208;89154;BC FERRY;156;;0.028846154;5.911111111;-0.046153846;0.131437848;0.777777778;0.030769231;0;;26.6;4.5;4.5;-7.2;10;3.5;21.6;0.520317889;-617;-2635;-427;-108;-388;3.592592593;-187;90;-35;-117;-114;90;-16;150;-195;-2135;1724;-229;-58;1380;-1266;122;-31;-294;15;24;-17;-6302.556391;-59772.63158;3049.62406;4879.398496;-3456.240602;0;0;0;0;0;1;0;0;0;0;BLA BY HAND;-0.0000039;3.279;0.1081;321;-159;208;89154;115;208;2;2
215;2000071;<Thales fregate 30 kn, kun de refittede coefs er indtastet>;142;;0.043028169;3.273322422;-0.006478873;0.413294685;0.842880524;0.043797976;0;;20;6.11;6.11;-0.92;30;5.15;38;0.481509762;-1334.7;-4975;-1840.5;-464.9;0;0;-482.8;449.2;-740;-432.3;133;-355.7;-88.8;691.9;-2993.4;-4813.5;100.2;442.8;-472.7;-1235.4;-279.8;-49.3;-35.2;-726.3;-63;84.3;-37;-5808.288052;-119845.4435;-10395.51555;13910.18985;-6105.302782;0;0;0;0;0;1;0;0;0;0;BLA BY HAND refittet ( - rulllecoefs);9998;9998;9998;505.9;-241.9;215;2000071;136;215;2;2
216;2000071;<Thales fregate 18 kn, kun de refittede coefs er indtastet>;142;;0.043028169;3.273322422;-0.006478873;0.247976811;0.842880524;0.043797976;0;;20;6.11;6.11;-0.92;18;5.15;38;0.481509762;-1069.3;-4719;-1412.9;-495.5;800;-1.614530777;-475.4;383.7;-762;-354.7;-42;-247.3;-57.2;684.5;-2914;-3739.2;-122.5;730.2;-286.6;-1199.1;-168.8;-135.7;-35.2;-726.3;-50.6;84.3;-33.7;-5808.288052;-119845.4435;-8349.414075;13910.18985;-5560.775777;0;0;0;0;0;1;0;0;0;0;BLA BY HAND refittet ( - rulllecoefs);9998;9998;9998;333.2;-152.9;216;2000071;136;216;2;2
219;2000167;<NaviForm_20 car and truck carrier, kun de refittede coefs er indtastet, smaller rudder>;132.6;;0.038838612;4.466019417;-0.023680241;0.22810298;0.660194175;0.039537847;0;;23;5.15;5.15;-3.14;16;3.4;27;0.645275482;-758;-2300;-758;-315.3;335;-1.062480178;-315.3;319.8;-16.5;-207.7;-107;-531.5;-11.2;416;-586.8;-159.8;59.4;-450.4;137.9;-465.1;-226.2;-212.1;-52.2;-636.6;-33.8;-6.3;-42;-7748.586509;-94497.12973;-5017.283985;-935.1742339;-6234.494892;0;0;0;0;0;1;0;0;0;0;BLA BY HAND refittet;9998;9998;9998;484.5;-225.9;219;2000167;183.1;219;2;2
33;74007;<BALLAST>;350;;0.032142857;7.020444444;0.003628571;0.153563062;0.813333333;0.043174603;0.01;;78.98;13;9.5;1.27;17.5;9.15;170;0.746662808;-865;-1763.8;-896;-71.5;424.8;-5.941258741;-79;327.3;163.1;-147.7;-169.9;113.4;-38.5;437;-283;0;745;0;176;0;-377;0;-65;-543.7;31.2;44.7;-39.1;-8961.481106;-74959.34273;4301.510931;6162.741622;-5390.675558;0;0;0;0;0;1.368421053;0;0;0;0;<>;7.584;-2.622;-0.0674;385.4;-187.8;33;74007;80;33;2;2
77;82032;<NEW-ZEALAND FERRY, INW. ROT.>;137;;0.037226277;3.970588235;0.000948905;0.182333222;0.68627451;0.0330614;0.002919708;;20.25;5.3;4.9;0.13;13;3.5;23.1;0.594260593;-893;-2808;-780;-147;-424;2.884353741;-195;167;-116;-136;-246;20;-50.6;372;0;0;-100;-726;0;0;-600;239;-39.2;-594.4;13;38.6;-35.7;-7124.132656;-108025.1135;2362.595013;7015.089809;-6488.049383;0;0;0;0;0;1.081632653;0;0;0;0;<>;1.16;-1.526;-0.7448;300;-152;77;82032;214;77;2;2
78;82050;<ARATIKA>;123.44;;0.040100454;3.694949495;0.000648088;0.177311142;0.626262626;0.027298258;0.002430331;;18.29;5.1;4.8;0.08;12;3.1;16.68;0.576608067;-733;-2780;-720;-218;-469;2.151376147;-300;188;-166;-121;-138;201;-71;251;0;0;-270;-12;0;0;-513;8;-41.1;-556.3;1.2;36.9;-27.7;-6917.270253;-93627.18836;201.964095;6210.39592;-4662.004526;0;0;0;0;0;1.0625;0;0;0;0;<>;-6.171;2.67;0.1335;266;-118;78;82050;216;78;2;2
87;83140;<DR. INGRID, TRIMMED, 1 BOWRUDDER>;136.53;;0.037354428;4.529411765;-0.041016626;0.140497531;0.82745098;0.029872053;0.005859518;;23.1;5.5;4.7;-5.6;10;4.22;20.8;0.642540097;-1254;-2371;-928;-80;-453;5.6625;-283;231;-51;-242;-179;206;-82;418;0;0;-380;-914;0;0;-530;12;-49;-633;54;120;-73;-7753.005722;-100156.176;8544.128755;18986.95279;-11550.39628;0;0;0;0;0;1.170212766;0;0;0;0;<>;2.919;-1.109;-0.418;426;-219;87;83140;145;87;2;2
96;85192;<2 RUD., 125M>;125;;0.0478;3.849372385;-0.04288;0.176201247;0.60251046;0.029643515;0.00376;;23;6.21;5.74;-5.36;12;3.6;22.14;0.628531927;-969.4;-2874;-1066.1;-222.7;-386.2;1.734171531;-313.3;349;-417;-240;-125;246.8;-64.2;773;0;0;-441;-1043;0;0;-586;-128;-66.3;-845.2;-7;7.8;-51.4;-7538.202656;-96097.87157;-795.8886665;886.8473713;-5844.09678;0;0;0;0;0;1.081881533;0;0;0;0;<>;-3.173;1.299;0.6413;492.2;-241.8;96;85192;138;96;2;2
213;98262;Fincantieri cond2 IV;138.8;;0.039805476;3.800904977;-0.007997118;0.292622219;0.814479638;0.029992046;0.004827089;;21;5.86;5.19;-1.11;21;4.5;23;0.591495299;-1147;-1711;-1198.9;-211;-208;0.985781991;-244.4;415.5;-13.6;-259.6;-33.3;-260;-18.2;535;0;0;-214.7;-1822.7;0;0;-602.5;-219.8;-42.8;-771.7;-17.6;23.7;-33.9;-7106.751407;-128137.3846;-2922.402448;3935.280569;-5628.945624;0;0;0;0;0;1.129094412;0;0;0;0;BLA BY HAND;9998;9998;9998;510.4;-244.2;213;98262;99;213;2;2
212;98262;Fincantieri cond2 II;138.8;;0.039805476;3.800904977;-0.007997118;0.209015871;0.814479638;0.029992046;0.004827089;;21;5.86;5.19;-1.11;15;4.5;23;0.591495299;-1102;-2174;-1188.6;-181;-186;1.027624309;-201.3;335.1;71.7;-210.3;-128.4;-414.6;-23.2;561.3;0;0;-275.5;-1375.6;0;0;-470;-227;-42.8;-665.2;-9;14.6;-34;-7106.751407;-110453.5289;-1494.410343;2424.265667;-5645.550183;0;0;0;0;0;1.129094412;0;0;0;0;BLA BY HAND;9998;9998;9998;468.2;-223.7;212;98262;99;212;2;2
;;;;;;;;;;;;;;;;;;;;;;;;;;;;;;;;;;;;;;;;;;;;;;;;;;;;;;;;;;;;;;;;;;;;;;;;;;
;;;;;;;;;;;;;;;;;;;;;;;;;;;;;;;;;;;;;;;;;;;;;;;;;;;;;;;;;;;;;;;;;;;;;;;;;;
;;min;64.3;;0.027678571;2.044247788;-0.05430303;0.122241483;0.368965517;0.01453172;0;;14;3.5;3.5;-11.86;10;2.4;8.8;0.481509762;-2094;-7843;-2600;-1362;-1280;;-1200;90;-762;-447;-428.7;-702.4;-156;150;-4820;-5525;-2169;-2528;-975;-3900;-2255.9;-396;-304.1;-2176;-151;-152;-121;;;;;;-227.1;-433.5;-222.4;-16.6;-6;1;0;0;0;0;0;-9.313;-7.48;-2.664;163.6;-397.9;1;7101;52.3;1;1;1
;;max;398;;0.077666667;7.482014388;0.037182852;0.413294685;1.081460674;0.043797976;0.017291066;;88.4;29;29;13;33;11.4;340;0.839596954;-326.9;-1039.8;-427;-71.5;800;;23.8;675;706;-116;133;1020;158;1967.5;926;4617.9;2204;9998;563;2472.1;0;9998;-21.8;-294;54;120;-13.9;;;;;;185.3;9998;9998;20;8.9;1.67610419;0;0;9998;9998;0;9998;9998;9998;782.2;-79.7;220;2000167;216;220;2;2
;;;;;;;;;;;;;;;;;;;;;;;;;;;;;;;;;;;;;;;;;;;;;;;;;;;;;;;;;;;;;;;;;;;;;;;;;;
;;;;;;;;;;;;;;;;;;;;;;;;;;;;;;;;;;;;;;;;;;;;;;;;;;;;;;;;;;;;;;;;;;;;;;;;;;
;;;;;;;;;;;;;;;;;;;;;0.481509762;;;;;;;;;;;;;;;;;;;;;;;;;;;;;;;;;;;;;;;;;;;;;;;;;;;;;
;;;;;;;;;;;;;;;;;;;;;0.839596954;;;;;;;;;;;;;;;;;;;;;;;;;;;;;;;;;;;;;;;;;;;;;;;;;;;;;
